{"cameraMode":{"drawMode":0,"name":"Shaded","section":"Shading Mode"},"sceneLighting":false,"audioPlay":false,"sceneViewState":{"m_AlwaysRefresh":false,"showFog":true,"showSkybox":false,"showFlares":true,"showImageEffects":true,"showParticleSystems":true,"showVisualEffectGraphs":true,"m_FxEnabled":true},"in2DMode":false,"pivot":{"x":0.05577751249074936,"y":-0.031296033412218097,"z":-0.05766140669584274},"rotation":{"x":-0.11930345743894577,"y":-0.8316464424133301,"z":0.20103414356708527,"w":-0.5048017501831055},"size":0.11685339361429215,"orthographic":false}