{"cameraMode":{"drawMode":0,"name":"Shaded","section":"Shading Mode"},"sceneLighting":false,"audioPlay":false,"sceneViewState":{"m_AlwaysRefresh":false,"showFog":true,"showSkybox":false,"showFlares":true,"showImageEffects":true,"showParticleSystems":true,"showVisualEffectGraphs":true,"m_FxEnabled":true},"in2DMode":false,"pivot":{"x":0.017877191305160524,"y":0.19093716144561768,"z":0.06290899217128754},"rotation":{"x":-0.06200721859931946,"y":-0.6826955676078796,"z":-0.05827035382390022,"w":0.7257709503173828},"size":0.3453243672847748,"orthographic":false}