{"cameraMode":{"drawMode":0,"name":"Shaded","section":"Shading Mode"},"sceneLighting":false,"audioPlay":false,"sceneViewState":{"m_AlwaysRefresh":false,"showFog":true,"showSkybox":false,"showFlares":true,"showImageEffects":true,"showParticleSystems":true,"showVisualEffectGraphs":true,"m_FxEnabled":true},"in2DMode":false,"pivot":{"x":-0.031111031770706178,"y":0.012219130992889405,"z":-0.08542239665985108},"rotation":{"x":0.4100228548049927,"y":-0.11935754865407944,"z":0.054167382419109347,"w":0.9027974009513855},"size":0.38956010341644289,"orthographic":false}